[
    {
        "id": 1,
        "type": "Clothing",
        "name": "T-Shirt",
        "img": "imgs/product.jpg",
        "price": 190000,
        "sale": 0,
        "size": "S - 3XL",
        "brand": "QC",
        "color": "black",
        "person": "men - women",
        "description": "Quá đep luôn nạ Áo xinh về khách khen lắm luôn  HÀNG VỀ SIU XINH, E GOM TÍP Về tay chỉ #190k/ 1c thuii , chất cotton. Mẫu này ce nhất định phải sắm nhó , màu xinh cực Size full : S đến 3 XL , thích rộng nhiều tăng size giúp e ah  BẢNG SIZE CHO MN THAM KHẢO : Size S - 3XL size S: 40kg - 52kg size M: 53 - 59kg size L: 60 - 66kg size XL: 67 - 73kg size 2XL: 74 - 80kg size 3XL: 81 - 86kg. Hàng về sau khoảng 2 weeks."
    },
    {
        "id": 2,
        "type": "Sandal",
        "name": "Sandal",
        "img": "imgs/product-1.jpg",
        "price": 349000,
        "sale": 30,
        "size": "35 - 40",
        "brand": "QC",
        "color": "white - black",
        "person": "women",
        "description": "VN CHƯA ai bán mẫu này giá #349K____349KKK như em đâu nhé  Gõ giá runn tay vì quá rẻ xịn đẹp, lại new nguyên luôn. Auth store 1tr5 nhé. Em gom zá rẻ quá chời luôn. Mua nhanh ko lại hết size ạaaaa SANDAL CNK HOT HIT: FULLBOX + giấy nến gói của hãng Đủ sz từ 35-40 2 màu: ĐEN - TRẮNG MÃ NEW ORDER 4-5W."
    },
    {
        "id": 3,
        "type": "Shoes",
        "name": "Doll Shoes",
        "img": "imgs/product-2.jpg",
        "price": 289000,
        "sale": 0,
        "size": "S - 3XL",
        "color": "white - black - beige",
        "person": "women",
        "description": "Xinh cááCHỈ VỚI 2xx KHAI XUÂN EM GIÀY CNK BÚP BÊ TRÁM  HÀNG CHUẨN BẢN XUẤT DƯ 1:1 FULL BOX + logo hãng  zá re 1/6 Au ạ Lên kệ rồi nha các chị em uiii.  Đôi giày hot điên đảo luôn ạ - mng chỉ việc lên đơn.   Màu ; đen - trắng kem - be  Size : 35/36/37/38/39/40."
    },
    {
        "id": 4,
        "type": "HandBag",
        "name": "Canvas Bag",
        "img": "imgs/product-3.jpg",
        "price": 179000,
        "sale": 0,
        "size": " S - L",
        "color": "white",
        "person": "women",
        "description": "Mẫu mới đẹp quá: SƠ MI TRẮNG DÁNG SUÔNG. Đang sale rẻ lắm lunn.  Về tay #179kkk. Dáng suông tay rộng, dáng áo đẹp, thời trang & dễ phối đồ. Duy nhất một màu trắng  Sz S-l Bảng sz tham khảo S 40-48kg Sz M 48-54kg Sz L 54-60kg."
    },
    {
        "id": 5,
        "type": "Skirt",
        "name": "Children Dress",
        "img": "imgs/product-4.jpg",
        "price": 295000,
        "sale": 0,
        "size": "90 - 150",
        "color": "blue",
        "person": "girl",
        "description": [
            "Bộ sưu tập hè năm nay đỉnh quá.",
            "Chất thô phối ren tiểu thư nhẹ nhàng.",
            "Màu xanh lạ lắm Size 90-150 (10-32kg) Order Qc trả 2-4 tuần.sale đầu hè siuuu rẻ xinhhh đỉnh."
        ]
    },
    {
        "id": 6,
        "type": "Clothing",
        "name": "T-Shirt",
        "img": "imgs/product.jpg",
        "price": 190000,
        "sale": 0,
        "size": "S - 3XL",
        "brand": "QC",
        "color": "black",
        "person": "men - women",
        "description": "Quá đep luôn nạ Áo xinh về khách khen lắm luôn  HÀNG VỀ SIU XINH, E GOM TÍP Về tay chỉ #190k/ 1c thuii , chất cotton. Mẫu này ce nhất định phải sắm nhó , màu xinh cực Size full : S đến 3 XL , thích rộng nhiều tăng size giúp e ah  BẢNG SIZE CHO MN THAM KHẢO : Size S - 3XL size S: 40kg - 52kg size M: 53 - 59kg size L: 60 - 66kg size XL: 67 - 73kg size 2XL: 74 - 80kg size 3XL: 81 - 86kg. Hàng về sau khoảng 2 weeks."
    },
    {
        "id": 7,
        "type": "Sandal",
        "name": "Sandal",
        "img": "imgs/product-1.jpg",
        "price": 349000,
        "sale": 30,
        "size": "35 - 40",
        "brand": "QC",
        "color": "white - black",
        "person": "women",
        "description": "VN CHƯA ai bán mẫu này giá #349K____349KKK như em đâu nhé  Gõ giá runn tay vì quá rẻ xịn đẹp, lại new nguyên luôn. Auth store 1tr5 nhé. Em gom zá rẻ quá chời luôn. Mua nhanh ko lại hết size ạaaaa SANDAL CNK HOT HIT: FULLBOX + giấy nến gói của hãng Đủ sz từ 35-40 2 màu: ĐEN - TRẮNG MÃ NEW ORDER 4-5W."
    },
    {
        "id": 8,
        "type": "Shoes",
        "name": "Doll Shoes",
        "img": "imgs/product-2.jpg",
        "price": 289000,
        "sale": 0,
        "size": "S - 3XL",
        "color": "white - black - beige",
        "person": "women",
        "description": "Xinh cááCHỈ VỚI 2xx KHAI XUÂN EM GIÀY CNK BÚP BÊ TRÁM  HÀNG CHUẨN BẢN XUẤT DƯ 1:1 FULL BOX + logo hãng  zá re 1/6 Au ạ Lên kệ rồi nha các chị em uiii.  Đôi giày hot điên đảo luôn ạ - mng chỉ việc lên đơn.   Màu ; đen - trắng kem - be  Size : 35/36/37/38/39/40."
    },
    {
        "id": 9,
        "type": "HandBag",
        "name": "Canvas Bag",
        "img": "imgs/product-3.jpg",
        "price": 179000,
        "sale": 0,
        "size": " S - L",
        "color": "white",
        "person": "women",
        "description": "Mẫu mới đẹp quá: SƠ MI TRẮNG DÁNG SUÔNG. Đang sale rẻ lắm lunn.  Về tay #179kkk. Dáng suông tay rộng, dáng áo đẹp, thời trang & dễ phối đồ. Duy nhất một màu trắng  Sz S-l Bảng sz tham khảo S 40-48kg Sz M 48-54kg Sz L 54-60kg."
    },
    {
        "id": 10,
        "type": "Skirt",
        "name": "Children Dress",
        "img": "imgs/product-4.jpg",
        "price": 295000,
        "sale": 0,
        "size": "90 - 150",
        "color": "blue",
        "person": "girl",
        "description": [
            "Bộ sưu tập hè năm nay đỉnh quá.",
            "Chất thô phối ren tiểu thư nhẹ nhàng.",
            "Màu xanh lạ lắm Size 90-150 (10-32kg) Order Qc trả 2-4 tuần.sale đầu hè siuuu rẻ xinhhh đỉnh."
        ]
    },
    {
        "id": 11,
        "type": "Clothing",
        "name": "T-Shirt",
        "img": "imgs/product.jpg",
        "price": 190000,
        "sale": 0,
        "size": "S - 3XL",
        "brand": "QC",
        "color": "black",
        "person": "men - women",
        "description": "Quá đep luôn nạ Áo xinh về khách khen lắm luôn  HÀNG VỀ SIU XINH, E GOM TÍP Về tay chỉ #190k/ 1c thuii , chất cotton. Mẫu này ce nhất định phải sắm nhó , màu xinh cực Size full : S đến 3 XL , thích rộng nhiều tăng size giúp e ah  BẢNG SIZE CHO MN THAM KHẢO : Size S - 3XL size S: 40kg - 52kg size M: 53 - 59kg size L: 60 - 66kg size XL: 67 - 73kg size 2XL: 74 - 80kg size 3XL: 81 - 86kg. Hàng về sau khoảng 2 weeks."
    },
    {
        "id": 12,
        "type": "Sandal",
        "name": "Sandal",
        "img": "imgs/product-1.jpg",
        "price": 349000,
        "sale": 30,
        "size": "35 - 40",
        "brand": "QC",
        "color": "white - black",
        "person": "women",
        "description": "VN CHƯA ai bán mẫu này giá #349K____349KKK như em đâu nhé  Gõ giá runn tay vì quá rẻ xịn đẹp, lại new nguyên luôn. Auth store 1tr5 nhé. Em gom zá rẻ quá chời luôn. Mua nhanh ko lại hết size ạaaaa SANDAL CNK HOT HIT: FULLBOX + giấy nến gói của hãng Đủ sz từ 35-40 2 màu: ĐEN - TRẮNG MÃ NEW ORDER 4-5W."
    },
    {
        "id": 13,
        "type": "Shoes",
        "name": "Doll Shoes",
        "img": "imgs/product-2.jpg",
        "price": 289000,
        "sale": 0,
        "size": "S - 3XL",
        "color": "white - black - beige",
        "person": "women",
        "description": "Xinh cááCHỈ VỚI 2xx KHAI XUÂN EM GIÀY CNK BÚP BÊ TRÁM  HÀNG CHUẨN BẢN XUẤT DƯ 1:1 FULL BOX + logo hãng  zá re 1/6 Au ạ Lên kệ rồi nha các chị em uiii.  Đôi giày hot điên đảo luôn ạ - mng chỉ việc lên đơn.   Màu ; đen - trắng kem - be  Size : 35/36/37/38/39/40."
    },
    {
        "id": 14,
        "type": "HandBag",
        "name": "Canvas Bag",
        "img": "imgs/product-3.jpg",
        "price": 179000,
        "sale": 0,
        "size": " S - L",
        "color": "white",
        "person": "women",
        "description": "Mẫu mới đẹp quá: SƠ MI TRẮNG DÁNG SUÔNG. Đang sale rẻ lắm lunn.  Về tay #179kkk. Dáng suông tay rộng, dáng áo đẹp, thời trang & dễ phối đồ. Duy nhất một màu trắng  Sz S-l Bảng sz tham khảo S 40-48kg Sz M 48-54kg Sz L 54-60kg."
    },
    {
        "id": 15,
        "type": "Skirt",
        "name": "Children Dress",
        "img": "imgs/product-4.jpg",
        "price": 295000,
        "sale": 0,
        "size": "90 - 150",
        "color": "blue",
        "person": "girl",
        "description": [
            "Bộ sưu tập hè năm nay đỉnh quá.",
            "Chất thô phối ren tiểu thư nhẹ nhàng.",
            "Màu xanh lạ lắm Size 90-150 (10-32kg) Order Qc trả 2-4 tuần.sale đầu hè siuuu rẻ xinhhh đỉnh."
        ]
    },
    {
        "id": 16,
        "type": "Clothing",
        "name": "T-Shirt",
        "img": "imgs/product.jpg",
        "price": 190000,
        "sale": 0,
        "size": "S - 3XL",
        "brand": "QC",
        "color": "black",
        "person": "men - women",
        "description": "Quá đep luôn nạ Áo xinh về khách khen lắm luôn  HÀNG VỀ SIU XINH, E GOM TÍP Về tay chỉ #190k/ 1c thuii , chất cotton. Mẫu này ce nhất định phải sắm nhó , màu xinh cực Size full : S đến 3 XL , thích rộng nhiều tăng size giúp e ah  BẢNG SIZE CHO MN THAM KHẢO : Size S - 3XL size S: 40kg - 52kg size M: 53 - 59kg size L: 60 - 66kg size XL: 67 - 73kg size 2XL: 74 - 80kg size 3XL: 81 - 86kg. Hàng về sau khoảng 2 weeks."
    },
    {
        "id": 17,
        "type": "Sandal",
        "name": "Sandal",
        "img": "imgs/product-1.jpg",
        "price": 349000,
        "sale": 30,
        "size": "35 - 40",
        "brand": "QC",
        "color": "white - black",
        "person": "women",
        "description": "VN CHƯA ai bán mẫu này giá #349K____349KKK như em đâu nhé  Gõ giá runn tay vì quá rẻ xịn đẹp, lại new nguyên luôn. Auth store 1tr5 nhé. Em gom zá rẻ quá chời luôn. Mua nhanh ko lại hết size ạaaaa SANDAL CNK HOT HIT: FULLBOX + giấy nến gói của hãng Đủ sz từ 35-40 2 màu: ĐEN - TRẮNG MÃ NEW ORDER 4-5W."
    },
    {
        "id": 18,
        "type": "Shoes",
        "name": "Doll Shoes",
        "img": "imgs/product-2.jpg",
        "price": 289000,
        "sale": 0,
        "size": "S - 3XL",
        "color": "white - black - beige",
        "person": "women",
        "description": "Xinh cááCHỈ VỚI 2xx KHAI XUÂN EM GIÀY CNK BÚP BÊ TRÁM  HÀNG CHUẨN BẢN XUẤT DƯ 1:1 FULL BOX + logo hãng  zá re 1/6 Au ạ Lên kệ rồi nha các chị em uiii.  Đôi giày hot điên đảo luôn ạ - mng chỉ việc lên đơn.   Màu ; đen - trắng kem - be  Size : 35/36/37/38/39/40."
    },
    {
        "id": 19,
        "type": "HandBag",
        "name": "Canvas Bag",
        "img": "imgs/product-3.jpg",
        "price": 179000,
        "sale": 0,
        "size": " S - L",
        "color": "white",
        "person": "women",
        "description": "Mẫu mới đẹp quá: SƠ MI TRẮNG DÁNG SUÔNG. Đang sale rẻ lắm lunn.  Về tay #179kkk. Dáng suông tay rộng, dáng áo đẹp, thời trang & dễ phối đồ. Duy nhất một màu trắng  Sz S-l Bảng sz tham khảo S 40-48kg Sz M 48-54kg Sz L 54-60kg."
    },
    {
        "id": 20,
        "type": "Skirt",
        "name": "Children Dress",
        "img": "imgs/product-4.jpg",
        "price": 295000,
        "sale": 0,
        "size": "90 - 150",
        "color": "blue",
        "person": "girl",
        "description": [
            "Bộ sưu tập hè năm nay đỉnh quá.",
            "Chất thô phối ren tiểu thư nhẹ nhàng.",
            "Màu xanh lạ lắm Size 90-150 (10-32kg) Order Qc trả 2-4 tuần.sale đầu hè siuuu rẻ xinhhh đỉnh."
        ]
    }
]
